,host_name,reviewer_name
472,Simon,Simon
496,Simon,Simon
505,Simon,Simon
732,Simon,Simon
740,Simon,Simon
2339,Anthony,Anthony
2381,Anthony,Anthony
2442,Anthony,Anthony
4534,Matthew,Matthew
6128,Simon,Simon
8038,Marie,Marie
8333,Anthony,Anthony
8667,Simon,Simon
8874,Maria,Maria
12449,Matthew,Matthew
13392,Debbie,Debbie
13490,Andrew,Andrew
16083,Fernando,Fernando
17872,Clare,Clare
18774,Claire,Claire
18775,Claire,Claire
21629,Tom,Tom
21661,Andrea,Andrea
22158,Sue,Sue
22165,Sue,Sue
22713,Christina,Christina
24747,Anne,Anne
25802,Helen,Helen
27478,Mary,Mary
27913,Danny,Danny
28073,Vicky,Vicky
28337,Annette,Annette
28860,Wayne,Wayne
29399,Louisa,Louisa
31579,Graham,Graham
31745,Alison,Alison
32419,Anne,Anne
32553,Anne,Anne
33034,Carmen,Carmen
33378,Colin,Colin
33931,David,David
34630,Julia,Julia
35635,Anne,Anne
36744,Andrew,Andrew
37568,James,James
37657,James,James
37818,James,James
37893,James,James
39103,Tom,Tom
39460,John,John
39529,John,John
40501,Lesley,Lesley
41387,Michael,Michael
42247,Karen,Karen
44284,Peter,Peter
44488,Peter,Peter
45128,Claudia,Claudia
47490,Marie,Marie
48080,Alex,Alex
49787,Jennifer,Jennifer
49862,Caroline,Caroline
52014,Amanda,Amanda
52027,Amanda,Amanda
52287,Matthew,Matthew
54897,Carla,Carla
55375,Sarah,Sarah
56126,Vivian,Vivian
56486,Emily,Emily
56509,Emily,Emily
57860,John,John
60278,Natalie,Natalie
62177,Jane,Jane
62219,Jane,Jane
62237,Jane,Jane
63305,Benjamin,Benjamin
63374,Benjamin,Benjamin
64743,Paul,Paul
64801,Paul,Paul
65055,Paul,Paul
65463,Laura,Laura
67063,Elizabeth,Elizabeth
67064,Elizabeth,Elizabeth
69386,James,James
71380,Emma,Emma
72583,Alessandro,Alessandro
72751,Martin,Martin
72860,Rose,Rose
75220,Paul,Paul
76293,Emily,Emily
76299,Caroline,Caroline
76421,Caroline,Caroline
76573,Simon,Simon
76576,Simon,Simon
76866,Alessandro,Alessandro
77387,Ali,Ali
78837,Amanda,Amanda
80345,Paul,Paul
82497,Marcus,Marcus
83068,Alessandro,Alessandro
87197,Mike,Mike
87340,Sue,Sue
87692,Emily,Emily
89685,Andrea,Andrea
92814,Paul,Paul
94341,Ian,Ian
95180,Robert,Robert
97276,John,John
97340,John,John
98586,Emily,Emily
98619,Emily,Emily
98626,Emily,Emily
100783,Patricia,Patricia
101662,Elizabeth,Elizabeth
101681,Elizabeth,Elizabeth
102072,Sarah,Sarah
102202,Sarah,Sarah
102603,Rob,Rob
102778,Sarah,Sarah
102997,Sarah,Sarah
104259,Marcus,Marcus
104312,Nathan,Nathan
104460,Nathan,Nathan
105105,Jess,Jess
106242,Nicole,Nicole
106543,Alison,Alison
107549,Kaori,Kaori
107644,Max,Max
107806,David,David
107974,David,David
108024,David,David
108102,David,David
108459,Joanna,Joanna
108618,Michael,Michael
108653,Michael,Michael
108671,Michael,Michael
108795,Michael,Michael
108838,Michael,Michael
109520,Maureen,Maureen
109608,Emma,Emma
110650,Paul,Paul
111073,Paul,Paul
111995,Paul,Paul
111997,Paul,Paul
112226,Paul,Paul
112327,Paul,Paul
114531,Robert,Robert
114532,Robert,Robert
115109,Louise,Louise
115566,Mike,Mike
120057,David,David
120237,James,James
120620,Elisa,Elisa
121933,Chris,Chris
124657,Emily,Emily
124748,David,David
124817,David,David
124874,David,David
125903,Emily,Emily
126005,Emily,Emily
127316,Peter,Peter
131025,Mark,Mark
131082,Mark,Mark
131314,Caroline,Caroline
132322,Laura,Laura
132465,Laura,Laura
133196,Paul,Paul
133247,Andrew,Andrew
133355,Andrew,Andrew
134352,Peter,Peter
134375,Peter,Peter
134610,David,David
134703,Mo,Mo
135301,John,John
135587,Michele,Michele
139814,Alison,Alison
139847,Alison,Alison
140341,Claire,Claire
140371,Claire,Claire
140379,Claire,Claire
140394,Claire,Claire
140415,Claire,Claire
140695,Nicolas,Nicolas
140727,Nicolas,Nicolas
141426,Laura,Laura
141518,Laura,Laura
141582,John,John
141588,John,John
142677,Tess,Tess
144999,Victoria,Victoria
146121,Angela,Angela
146124,Angela,Angela
146140,Angela,Angela
146685,Alexandra,Alexandra
147164,Andrew,Andrew
147584,David,David
148055,Alex,Alex
148414,Guillermo,Guillermo
149163,Paul,Paul
149491,Jacqueline,Jacqueline
150176,Mark,Mark
150548,Charlotte,Charlotte
150765,Laura,Laura
154004,Laura,Laura
159374,Fiona,Fiona
159574,Fiona,Fiona
160506,Jill,Jill
161205,Katy,Katy
162638,Denise,Denise
162873,Alex,Alex
162919,Alex,Alex
163024,Alex,Alex
164432,Kelly,Kelly
165634,James,James
165645,James,James
165655,James,James
165797,Paul,Paul
167105,David,David
167116,David,David
167171,David,David
167247,David,David
167303,Jo,Jo
167667,David,David
167697,David,David
167712,David,David
167743,David,David
169136,Mark,Mark
169198,Mark,Mark
170306,Paul,Paul
170319,Paul,Paul
171576,Samantha,Samantha
172472,Andrew,Andrew
172638,Andrew,Andrew
173466,Sally,Sally
173532,Joanna,Joanna
173922,Mark,Mark
174353,Mark,Mark
174694,Mark,Mark
175426,Caroline,Caroline
175564,Colleen,Colleen
176345,David,David
176346,David,David
176436,David,David
177067,Alex,Alex
177109,Alex,Alex
177280,Tara,Tara
177587,Valentina,Valentina
178744,John,John
180089,Christine,Christine
180538,Kevin,Kevin
180543,Kevin,Kevin
181682,Dominic,Dominic
181719,Paul,Paul
183352,Mike,Mike
183432,Julia,Julia
183714,Tom,Tom
184985,Maria,Maria
185945,Paul,Paul
186217,Paul,Paul
186260,Paul,Paul
186285,Paul,Paul
186425,Paul,Paul
186476,Paul,Paul
186995,Sarah,Sarah
188587,James,James
189827,George,George
190183,Sonia,Sonia
190751,Mauro,Mauro
191437,Lorenzo,Lorenzo
193942,Kate,Kate
193958,Kate,Kate
194714,James,James
195315,Richard,Richard
195319,Richard,Richard
195917,David,David
195920,David,David
196128,Richard,Richard
196234,Richard,Richard
197093,May,May
199721,Sophie,Sophie
200909,Simone,Simone
200926,Simone,Simone
201065,Ben,Ben
201394,Joseph,Joseph
201830,Bea,Bea
203355,Vanessa,Vanessa
203523,Simone,Simone
204008,Simon,Simon
204447,Ed,Ed
204716,Marie,Marie
204743,Laura,Laura
204748,Laura,Laura
206833,Rhiannon,Rhiannon
208572,Anna,Anna
208638,Anna,Anna
209869,Monica,Monica
211228,Barnaby,Barnaby
211517,David,David
212228,Lisa,Lisa
212322,Lisa,Lisa
212384,Lisa,Lisa
212403,Lisa,Lisa
212841,Richard,Richard
212847,Richard,Richard
212859,Richard,Richard
213766,Jack,Jack
215548,Caroline,Caroline
215684,Caroline,Caroline
216612,Sally,Sally
217469,Robert,Robert
218665,Katie,Katie
219060,Katie,Katie
219291,Maria,Maria
219521,Steven,Steven
220946,Andrew,Andrew
220950,Andrew,Andrew
221578,Gemma,Gemma
222201,Oliver,Oliver
224011,Sara,Sara
225701,Bryan,Bryan
226935,Tom,Tom
227250,Gail,Gail
227257,Gail,Gail
227443,Claire,Claire
233479,Natalie,Natalie
233962,Laura,Laura
234456,Helen,Helen
234488,Dominique,Dominique
235434,Andrea,Andrea
235544,Linda,Linda
235650,Daniel,Daniel
236140,Jade,Jade
237053,Ian,Ian
238675,Eva,Eva
241006,Paul,Paul
241340,Josephine,Josephine
241702,Sally,Sally
242348,Kevin,Kevin
242704,Laura,Laura
242901,Laura,Laura
243549,Maria,Maria
244244,Mike,Mike
246490,Federica,Federica
247473,Hannah,Hannah
248214,Brett,Brett
248426,Lucy,Lucy
248487,Lucy,Lucy
249082,Jane,Jane
249768,Michael,Michael
250036,Anna,Anna
251192,David,David
251224,David,David
251975,John,John
252067,James,James
252187,Julia,Julia
253000,John,John
253580,Robin,Robin
254715,Emily,Emily
255393,Paul,Paul
256105,Carol,Carol
256495,Chris,Chris
256524,Chris,Chris
258506,Alex,Alex
261107,Jonathan,Jonathan
261194,Jonathan,Jonathan
266416,Ian,Ian
266518,Susan,Susan
268100,Ray,Ray
269946,Sarah,Sarah
270211,Alexander,Alexander
270767,Ben,Ben
270922,Annie,Annie
271466,Wendy,Wendy
271792,Michael,Michael
272202,James,James
274030,Moni,Moni
274035,Moni,Moni
274984,Stephen,Stephen
275567,Julie,Julie
277043,Steve,Steve
280636,Mai,Mai
280747,Laura,Laura
280757,Laura,Laura
281812,Christopher,Christopher
282257,Chris,Chris
283013,Kate,Kate
283895,Melanie,Melanie
284315,Sarah,Sarah
284354,Sarah,Sarah
284719,James,James
285295,Georgina,Georgina
287201,David,David
288979,Ana,Ana
289470,David,David
289568,David,David
290281,Anthony,Anthony
290504,Claire,Claire
290508,Claire,Claire
290560,Claire,Claire
291383,John,John
291394,John,John
291661,Olivia,Olivia
292491,Andrew,Andrew
292493,Andrew,Andrew
292521,Emily,Emily
293365,Michael,Michael
294308,Nicholas,Nicholas
294871,Sam,Sam
295441,Tim,Tim
297138,Caroline,Caroline
298232,Daniel,Daniel
299063,David,David
299526,Richard,Richard
299699,Michael,Michael
299751,Michael,Michael
300383,Clare,Clare
300907,Donna,Donna
301949,Peter,Peter
301989,Peter,Peter
303420,David,David
305793,Lisa,Lisa
306320,Barbara,Barbara
307254,James,James
308303,Tim,Tim
308973,Robert,Robert
308979,Robert,Robert
309757,Claire,Claire
310273,Thomas,Thomas
310878,David,David
310934,David,David
311031,David,David
311048,David,David
311116,David,David
311519,Robert,Robert
312610,Mary,Mary
313506,Miguel,Miguel
316347,Karen,Karen
316580,Oliver,Oliver
318607,Andrew,Andrew
321364,Lee,Lee
322314,David,David
322320,David,David
322814,Tom,Tom
323332,Tony,Tony
323773,Anna,Anna
323820,James,James
323832,James,James
325705,Masood,Masood
327678,Rachel,Rachel
327681,Rachel,Rachel
328263,Sean,Sean
328301,Sean,Sean
329578,Tina,Tina
331380,Anne,Anne
331527,David,David
331583,David,David
331650,David,David
333922,Andrew,Andrew
337163,Mary,Mary
337677,Robert,Robert
339092,Elena,Elena
339941,David,David
342320,Jon,Jon
342384,Jon,Jon
342629,Tony,Tony
342807,Jan,Jan
344214,Matt,Matt
344497,Mark,Mark
344614,David,David
350597,Catherine,Catherine
351815,Charlotte,Charlotte
352250,Alexander,Alexander
352290,Harry,Harry
352471,Carlos,Carlos
353003,Jane,Jane
353895,Sarah,Sarah
355863,Robert,Robert
356236,Emma,Emma
357111,Jonathan,Jonathan
357233,Daniel,Daniel
357993,Laura,Laura
358166,Angel,Angel
360363,Thomas,Thomas
360482,Sam,Sam
363877,Charlotte,Charlotte
363878,Charlotte,Charlotte
363958,Mary,Mary
364684,Tim,Tim
364790,Erika,Erika
366673,Clare,Clare
367187,Nicola,Nicola
367840,Ana,Ana
370231,Stephen,Stephen
370436,Samantha,Samantha
370734,Sophie,Sophie
370790,Sophie,Sophie
372856,Mo,Mo
373834,Lisa,Lisa
375396,Jo,Jo
377327,Peter,Peter
377350,Peter,Peter
379581,Charlotte,Charlotte
380653,Cinzia,Cinzia
380930,Angela,Angela
381430,Peter,Peter
382190,Helen,Helen
382342,Duncan,Duncan
387285,Dominika,Dominika
388516,Matt,Matt
388522,Matt,Matt
388550,Christine,Christine
388589,Karen,Karen
388644,Karen,Karen
388690,Karen,Karen
389976,James,James
391992,Marco,Marco
392900,Nicholas,Nicholas
393867,Paul,Paul
394855,Melissa,Melissa
395049,Daniel,Daniel
395050,Daniel,Daniel
395102,Daniel,Daniel
395348,Thomas,Thomas
397719,Alex,Alex
398958,Anne,Anne
399489,Lee,Lee
401207,Peter,Peter
401368,Peter,Peter
401839,Peter,Peter
401899,Peter,Peter
401960,Peter,Peter
402422,Peter,Peter
402619,Peter,Peter
402784,Emily,Emily
403594,Mike,Mike
404974,Sam,Sam
405009,David,David
405630,Helen,Helen
406887,Peter,Peter
408616,Diana,Diana
408894,Sarah,Sarah
408958,Peter,Peter
409099,Peter,Peter
409654,Daniel,Daniel
409874,Sophie,Sophie
409895,Sophie,Sophie
410165,Peter,Peter
412086,David,David
412151,David,David
415974,Silvia,Silvia
417126,Ivy,Ivy
418734,Sara,Sara
419987,Dan,Dan
419989,Dan,Dan
420003,Dan,Dan
420007,Dan,Dan
420011,Dan,Dan
421250,Nicolas,Nicolas
421308,Debbie,Debbie
421317,Debbie,Debbie
421632,Stephanie,Stephanie
422500,Marina,Marina
422873,David,David
423763,Alex,Alex
425788,Jonathan,Jonathan
426925,Jane,Jane
427278,Christine,Christine
427815,Fiona,Fiona
428450,John,John
432307,Sarah,Sarah
432363,Sarah,Sarah
432709,Alice,Alice
432811,David,David
433056,Lara,Lara
433168,Brian,Brian
433552,Matteo,Matteo
435007,Samuel,Samuel
435269,Charles,Charles
435781,Chris,Chris
437672,Kate,Kate
437786,Rob,Rob
438753,Rebecca,Rebecca
438775,Emily,Emily
438992,Claire,Claire
439538,Charlotte,Charlotte
440006,Emma,Emma
442507,Will,Will
443885,Lucy,Lucy
444184,Michael,Michael
444421,Maria,Maria
445734,Jennifer,Jennifer
445838,Sara,Sara
445939,Ben,Ben
446121,Fabio,Fabio
447705,Judith,Judith
448935,Mike,Mike
449593,Sarah,Sarah
452268,Nicolas,Nicolas
452345,Colin,Colin
452624,Jonathan,Jonathan
454941,Anna,Anna
454943,Anna,Anna
456537,Maria,Maria
456672,Maria,Maria
456793,Antonio,Antonio
459050,Steven,Steven
459322,Laura,Laura
461805,Alex,Alex
462332,Frank,Frank
465210,Pascale,Pascale
465219,Pascale,Pascale
466030,James,James
466042,James,James
466849,Martin,Martin
467476,Peter,Peter
467728,Peter,Peter
468790,Chris,Chris
469388,Vanessa,Vanessa
469407,Vanessa,Vanessa
469682,Paul,Paul
471431,Julia,Julia
472781,David,David
473353,Jane,Jane
474949,Lisa,Lisa
475114,Charlotte,Charlotte
476741,Sue,Sue
476985,Rachel,Rachel
477017,Rachel,Rachel
477019,Rachel,Rachel
477521,Christine,Christine
481236,Rachel,Rachel
481240,Rachel,Rachel
481309,Rachel,Rachel
481363,Rachel,Rachel
481390,Rachel,Rachel
481692,Ben,Ben
481806,Anthony,Anthony
483132,Simon,Simon
483732,Carolina,Carolina
483815,Peter,Peter
484755,Matt,Matt
486149,Helen,Helen
487198,Isabel,Isabel
487581,Helen,Helen
487584,Helen,Helen
488580,Sarah,Sarah
488675,Sarah,Sarah
490472,Simon,Simon
490514,Michaela,Michaela
491415,Nicola,Nicola
491645,Matt,Matt
491739,Matt,Matt
493780,Susan,Susan
494474,Sara,Sara
494583,Sara,Sara
494625,Sara,Sara
495200,Sara,Sara
495220,Sara,Sara
495751,Elaine,Elaine
496358,Chris,Chris
497113,David,David
497172,Caroline,Caroline
498371,Nick,Nick
498902,Chris,Chris
498959,Chris,Chris
499010,Chris,Chris
499051,Kate,Kate
499741,Neil,Neil
499794,Sophie,Sophie
501237,Ella,Ella
501478,Amit,Amit
502955,Chris,Chris
503373,Vanessa,Vanessa
503564,Michael,Michael
505610,Sam,Sam
507347,Michael,Michael
507586,David,David
507629,Richard,Richard
507976,John,John
510143,Nigel,Nigel
513188,Gary,Gary
513960,Carmen,Carmen
518054,Karen,Karen
519340,Katie,Katie
520488,John,John
521481,Erika,Erika
522613,Anna,Anna
522784,Robert,Robert
523171,Amanda,Amanda
523451,Steve,Steve
523459,Steve,Steve
524712,Carolyn,Carolyn
525749,Stephen,Stephen
526725,Michael,Michael
526736,Michael,Michael
530026,Caroline,Caroline
531736,Anna,Anna
532531,Chris,Chris
533501,Victoria,Victoria
535091,Lisa,Lisa
535168,Adam,Adam
535237,Daniel,Daniel
535242,Daniel,Daniel
535369,Daniel,Daniel
536102,Jane,Jane
536160,Jane,Jane
536303,Lisa,Lisa
541114,Alison,Alison
542856,Richard,Richard
542861,Richard,Richard
542891,Richard,Richard
543592,Karen,Karen
543893,Alan,Alan
545188,Adrian,Adrian
545826,Lisa,Lisa
546848,Helen,Helen
547912,Alexander,Alexander
548687,James,James
548746,Margaret,Margaret
549859,Kate,Kate
550391,Sally,Sally
552553,Ross,Ross
553497,Richard,Richard
553535,Laura,Laura
554397,Daniel,Daniel
555116,Sebastian,Sebastian
557143,David,David
557265,David,David
557872,Julie,Julie
558300,Lisa,Lisa
558437,Lisa,Lisa
558587,Lisa,Lisa
558700,Nigel,Nigel
561306,Paul,Paul
565639,Mark,Mark
566793,Daniel,Daniel
566915,Jason,Jason
567562,Emma,Emma
568373,Richard,Richard
568757,Nicola,Nicola
569499,Anna,Anna
569541,Jessica,Jessica
571236,Kim,Kim
572286,Darren,Darren
575085,Alex,Alex
576487,James,James
577281,Alex,Alex
578680,Ja,Ja
578878,Michael,Michael
578892,Michael,Michael
578967,Richard,Richard
578983,Richard,Richard
580621,David,David
580674,Matthew,Matthew
580733,John,John
581175,Adele,Adele
581827,Peter,Peter
582430,Martin,Martin
582907,Fiona,Fiona
584153,Richard,Richard
585813,Alex,Alex
585831,Alex,Alex
585970,Anna,Anna
588912,Alice,Alice
589053,Rebecca,Rebecca
589304,David,David
589565,Elizabeth,Elizabeth
593337,Lisa,Lisa
594890,Sandra,Sandra
596365,Alex,Alex
596855,Sandra,Sandra
600183,Gareth,Gareth
600487,Cara,Cara
600619,Josh,Josh
601102,Nicholas,Nicholas
601178,Nicholas,Nicholas
603338,Charlie,Charlie
603403,Alex,Alex
603481,Paul,Paul
603531,Paul,Paul
605483,Joanna,Joanna
607238,David,David
608917,Gemma,Gemma
610169,Stephen,Stephen
610876,Alex,Alex
610877,Alex,Alex
611461,David,David
612585,Daniel,Daniel
613915,Heather,Heather
614772,Angie,Angie
615875,Amy,Amy
617056,Paul,Paul
618755,Jake,Jake
618767,Emma,Emma
619035,Jo,Jo
619054,Jo,Jo
620644,Paul,Paul
620988,James,James
622505,Scott,Scott
623371,Paul,Paul
623411,Paul,Paul
623437,Paul,Paul
626628,Simon,Simon
628363,David,David
629801,Ali,Ali
630114,James,James
630117,James,James
630526,David,David
630537,David,David
630563,David,David
631347,Natalie,Natalie
631872,Steve,Steve
633003,Phil,Phil
633378,Maria,Maria
633520,Clare,Clare
636228,Elizabeth,Elizabeth
638077,James,James
638901,Maxim,Maxim
641383,Alexander,Alexander
641480,Caroline,Caroline
642144,David,David
643966,Maria,Maria
644254,Michael,Michael
644369,John,John
646472,Roger,Roger
648594,Alex,Alex
649040,Simon,Simon
652623,Ali,Ali
652738,Caroline,Caroline
653622,Vanessa,Vanessa
653969,Richard,Richard
654129,Peter,Peter
656183,James,James
657958,Mick,Mick
657973,Mick,Mick
658236,John,John
658654,Sarah,Sarah
658946,Ben,Ben
660092,Laura,Laura
660133,Laura,Laura
660332,Diana,Diana
660839,Luca,Luca
662952,Sarah,Sarah
663777,Serena,Serena
664198,Andy,Andy
664375,Jessica,Jessica
664840,Claire,Claire
666151,Rob,Rob
668142,Ian,Ian
668476,Daniel,Daniel
669014,Rich,Rich
671970,Michael,Michael
672892,Richard,Richard
673360,Marie,Marie
673974,Christian,Christian
674492,Ana,Ana
674752,Sandra,Sandra
675141,James,James
677436,Paul,Paul
677856,Hannah,Hannah
679087,Sophie,Sophie
680422,Andrew,Andrew
680836,Mark,Mark
683410,Chris,Chris
683464,Chris,Chris
685388,Julie,Julie
687921,Annette,Annette
688066,Annette,Annette
688149,Diane,Diane
690900,Monique,Monique
691172,James,James
692139,Laura,Laura
692153,Laura,Laura
694110,Kate,Kate
696214,John,John
696835,Anna,Anna
696945,David,David
697043,David,David
697116,David,David
697125,David,David
697446,Sarah,Sarah
697862,Paul,Paul
699249,Ryan,Ryan
700975,Alex,Alex
701730,Mark,Mark
702212,Sophie,Sophie
703871,Ali,Ali
704253,Angela,Angela
705537,Sarah,Sarah
705546,Sarah,Sarah
706170,Maria,Maria
706607,Andrew,Andrew
707095,David,David
707208,Natasha,Natasha
708574,David,David
709372,Amy,Amy
709375,Amy,Amy
710649,Paul,Paul
711195,Mark,Mark
711564,David,David
712710,Benjamin,Benjamin
713611,Tim,Tim
716030,Sarah,Sarah
717156,Neil,Neil
718785,Alex,Alex
718832,Alex,Alex
720036,Steve,Steve
720287,Geoff,Geoff
720974,James,James
721744,Paul,Paul
722423,Michael,Michael
724668,Francesca,Francesca
724786,Tim,Tim
725000,Andrew,Andrew
729152,Sophie,Sophie
729918,Tom,Tom
732721,Jonas,Jonas
732765,John,John
733022,David,David
734210,Kirstie,Kirstie
735433,James,James
735582,Ben,Ben
736467,Danny,Danny
737366,Steve,Steve
737413,Susan,Susan
738070,Mandy,Mandy
739539,James,James
739563,James,James
740805,Ben,Ben
741302,Sarah,Sarah
741345,Sarah,Sarah
741689,Anna,Anna
742173,John,John
743311,Anna,Anna
746787,May,May
746810,Anna,Anna
746909,Anna,Anna
746952,Anna,Anna
747971,Raluca,Raluca
748371,Hugh,Hugh
748422,Matt,Matt
749303,Peter,Peter
749383,Susan,Susan
749826,Lucy,Lucy
749828,Lucy,Lucy
749893,Lucy,Lucy
749942,Lucy,Lucy
750276,Tom,Tom
750980,Lisa,Lisa
751222,Lisa,Lisa
754447,Maria,Maria
754543,Maria,Maria
756343,Rosemary,Rosemary
756446,Jose,Jose
759241,Robert,Robert
760943,Alex,Alex
761461,Alessandro,Alessandro
761883,Hayley,Hayley
762101,Anne,Anne
762943,Francesco,Francesco
763745,Jack,Jack
764379,Sarah,Sarah
764533,Michelle,Michelle
768099,Simon,Simon
770590,Daniel,Daniel
771018,Michael,Michael
771606,Anna,Anna
771696,Barry,Barry
772167,Claire,Claire
772249,Claire,Claire
772709,Oscar,Oscar
773120,Hanif,Hanif
773843,James,James
774940,Charlotte,Charlotte
775229,John,John
777619,Mark,Mark
777650,Ali,Ali
778243,Oliver,Oliver
780556,Aaron,Aaron
781891,Sarah,Sarah
782056,Mark,Mark
782452,Sam,Sam
782768,Jack,Jack
783433,Sam,Sam
783946,Marco,Marco
783947,Marco,Marco
784669,Andrew,Andrew
788258,Elaine,Elaine
788412,Peter,Peter
789039,James,James
789074,James,James
789523,Neo,Neo
790722,Anna,Anna
791900,Maria,Maria
793391,Christian,Christian
794134,Samantha,Samantha
795268,Alex,Alex
796421,Caron,Caron
798641,Stephanie,Stephanie
799735,Steve,Steve
799806,Louis,Louis
800547,Robert,Robert
804572,Caroline,Caroline
804576,Caroline,Caroline
804585,Caroline,Caroline
804586,Caroline,Caroline
806088,Usman,Usman
807863,Jason,Jason
809544,Marc,Marc
811166,Charlotte,Charlotte
812069,Samuel,Samuel
812332,Simon,Simon
813506,Michael,Michael
813548,Andrea,Andrea
815971,Nathan,Nathan
816337,John,John
817220,Andrew,Andrew
818066,Andrea,Andrea
819991,Claire,Claire
820243,Laura,Laura
820247,Laura,Laura
821659,James,James
821850,Caroline,Caroline
822811,Omar,Omar
822834,Angela,Angela
823503,Jonathan,Jonathan
823668,Jen,Jen
824513,Elena,Elena
824621,Andrew,Andrew
825056,Maria,Maria
825298,Amy,Amy
825360,Amy,Amy
825449,Amy,Amy
825766,Ben,Ben
826446,Jenny,Jenny
826764,Ben,Ben
827662,Ben,Ben
828540,Daniel,Daniel
828741,James,James
829244,Sara,Sara
831169,Sarah,Sarah
831327,Lisa,Lisa
831903,Daniel,Daniel
832050,Jane,Jane
832210,Hector,Hector
832707,James,James
833810,Danielle,Danielle
834807,Ben,Ben
835318,Renee,Renee
835627,Patricia,Patricia
837162,Stephen,Stephen
839670,Helen,Helen
840311,Matthew,Matthew
841055,Ruth,Ruth
841805,Sarah,Sarah
842079,Daniel,Daniel
842831,Sarah,Sarah
843117,Martin,Martin
843171,Maria,Maria
848705,Ian,Ian
848916,Amy,Amy
849272,Lisa,Lisa
849919,David,David
849927,David,David
850960,Aaron,Aaron
851586,Federico,Federico
852542,Jonathan,Jonathan
853204,Gabriel,Gabriel
854283,Sarah,Sarah
855022,John,John
855023,John,John
855311,David,David
855462,Miriam,Miriam
855582,Sophie,Sophie
855735,Jennifer,Jennifer
857185,Farah,Farah
859554,Michael,Michael
860310,Anna,Anna
860350,Anna,Anna
866638,Michael,Michael
866639,Michael,Michael
866642,Michael,Michael
868414,Anna,Anna
869692,John,John
870762,Gabriel,Gabriel
874388,Daniel,Daniel
874437,Rebecca,Rebecca
876325,Lisa,Lisa
876412,Lisa,Lisa
877529,Tristan,Tristan
877790,Michael,Michael
878661,Rob,Rob
881042,David,David
881066,David,David
881074,David,David
882541,Paul,Paul
882945,Mark,Mark
882990,Susanne,Susanne
883507,Mike,Mike
885517,Nick,Nick
885664,David,David
885744,Hannah,Hannah
886266,Gary,Gary
886938,Leon,Leon
887714,Lucy,Lucy
890043,Paul,Paul
890045,Paul,Paul
890048,Paul,Paul
890049,Paul,Paul
890051,Paul,Paul
891119,Ben,Ben
892789,Milan,Milan
895199,Imran,Imran
895690,Lisa,Lisa
896777,Francesca,Francesca
898381,Paul,Paul
901798,Mike,Mike
902454,Charlotte,Charlotte
905020,Andrea,Andrea
905314,Alex,Alex
905349,Alex,Alex
906434,Sam,Sam
907094,Joanna,Joanna
907171,Andrea,Andrea
908227,Kate,Kate
908489,Lisa,Lisa
909264,Sarah,Sarah
913651,Dan,Dan
913998,Alex,Alex
914707,Catherine,Catherine
914738,Inna,Inna
914846,Remy,Remy
916112,Alexandra,Alexandra
916210,Ali,Ali
917132,Emma,Emma
918071,Rachel,Rachel
919111,Michael,Michael
920662,Ben,Ben
920749,Ben,Ben
920976,Ben,Ben
921465,David,David
923951,Ali,Ali
924947,Kevin,Kevin
925127,Mark,Mark
926433,Kevin,Kevin
927064,Matthew,Matthew
927091,Matthew,Matthew
927102,Matthew,Matthew
927570,Michael,Michael
927902,Christopher,Christopher
928506,Camille,Camille
929294,Julie,Julie
930325,Laura,Laura
930676,Hannah,Hannah
933042,Laura,Laura
933163,Sandra,Sandra
933658,Lisa,Lisa
933948,Catherine,Catherine
934074,Sarah,Sarah
935223,Emma,Emma
936739,Carrie,Carrie
939813,Tom,Tom
940431,Robert,Robert
940582,Tony,Tony
942716,James,James
943478,Steve,Steve
943497,Steve,Steve
943570,Lucy,Lucy
944820,Andrew,Andrew
944866,Mark,Mark
945115,Helena,Helena
945214,Megan,Megan
946015,Emily,Emily
947217,Arvind,Arvind
947367,Laura,Laura
949154,Sebastian,Sebastian
953871,Louise,Louise
954909,Laura,Laura
954921,Laura,Laura
955056,Laura,Laura
959021,Sophie,Sophie
959352,Joe,Joe
961372,Andrew,Andrew
963896,Sarah,Sarah
963917,Sarah,Sarah
964781,Imran,Imran
965031,Rosa,Rosa
965347,Alex,Alex
965776,Maria,Maria
965797,Maria,Maria
966154,Svetlana,Svetlana
966414,Julia,Julia
966818,Nicola,Nicola
967088,Eli,Eli
968450,Emmanuel,Emmanuel
969820,Daniel,Daniel
969822,Daniel,Daniel
970970,Daniel,Daniel
971482,Daniel,Daniel
972615,Laura,Laura
973043,Daniel,Daniel
973048,Daniel,Daniel
973269,Daniel,Daniel
973278,Daniel,Daniel
973920,Sophia,Sophia
974075,Daniel,Daniel
974235,Mark,Mark
974520,Julie,Julie
974605,Julie,Julie
978651,Flavio,Flavio
978913,Martin,Martin
979964,David,David
980223,David,David
981814,Tania,Tania
982636,Zoe,Zoe
984558,Emily,Emily
987227,Alex,Alex
987272,Charlie,Charlie
989029,Daniel,Daniel
989118,Daniel,Daniel
989268,Daniel,Daniel
989862,Justin,Justin
990095,Helen,Helen
990102,Helen,Helen
990699,Chris,Chris
991283,Mark,Mark
991618,Daniel,Daniel
992030,Daniel,Daniel
992411,Daniel,Daniel
993235,Lisa,Lisa
994060,Robert,Robert
994508,Rachel,Rachel
995036,Sarah,Sarah
995423,Sarah,Sarah
999358,Michael,Michael
999909,Simon,Simon
1001021,Martina,Martina
1003465,Jay,Jay
1005472,David,David
1007463,Sue,Sue
1009463,Qasim,Qasim
1009465,Qasim,Qasim
1009809,Michael,Michael
1010159,Lucas,Lucas
1010187,Emma,Emma
1011849,Amy,Amy
1013531,James,James
1014647,Emma,Emma
1015190,John,John
1015205,John,John
1016893,John,John
1017063,Michael,Michael
1017069,Michael,Michael
1017299,Alex,Alex
1017536,Angela,Angela
1017972,Gabor,Gabor
1018782,Alex,Alex
1019601,Jason,Jason
1022092,Alex,Alex
1022459,Ali,Ali
1023062,David,David
1023186,James,James
1023355,Tucker,Tucker
1023357,Tucker,Tucker
1026079,Ben,Ben
1026908,Charlie,Charlie
1027229,Adam,Adam
1027294,Claire,Claire
1027295,Claire,Claire
1027327,Adam,Adam
1028110,James,James
1029344,Patrick,Patrick
1029974,James,James
1030326,Sophie,Sophie
1031352,Jack,Jack
1031525,Sarah,Sarah
1031699,James,James
1033623,Christopher,Christopher
1034074,Richard,Richard
1036013,James,James
1037412,Jane,Jane
1037735,Guillaume,Guillaume
1037738,Guillaume,Guillaume
1038642,Claire,Claire
1038825,Ruth,Ruth
1039200,Laura,Laura
1041312,Victoria,Victoria
1042659,Laura,Laura
1044291,Andrea,Andrea
1045466,William,William
1045810,Simon,Simon
1048155,David,David
1049741,Sarah,Sarah
1051854,Matt,Matt
1052327,Alison,Alison
1052913,Kate,Kate
1052925,Kate,Kate
1053709,Andrea,Andrea
1055115,Chris,Chris
1055120,Chris,Chris
1057489,Michael,Michael
1057876,Amy,Amy
1058048,James,James
1060288,James,James
1060974,Thomas,Thomas
1062042,Rachel,Rachel
1066228,Tom,Tom
1066443,Sarah,Sarah
1067344,Kula,Kula
1067521,Peter,Peter
1067978,Will,Will
1068951,Paul,Paul
1070424,Mel,Mel
1070618,Sam,Sam
1072981,Joe,Joe
1075023,Anna,Anna
1075275,Joanne,Joanne
1075287,Joanne,Joanne
1079330,David,David
1079337,David,David
1081227,Carolyn,Carolyn
1081528,Jason,Jason
1082077,Pedro,Pedro
1082366,Linda,Linda
1082583,Jessica,Jessica
1082584,Jessica,Jessica
1082822,Louise,Louise
1082893,Peter,Peter
1082960,Peter,Peter
1083174,Caroline,Caroline
1083175,Caroline,Caroline
1084042,John,John
1084082,Hannah,Hannah
1084413,Amanda,Amanda
1084773,Barry,Barry
1085171,Richard,Richard
1085928,Gary,Gary
1087969,Caroline,Caroline
1087983,Caroline,Caroline
1088311,Michelle,Michelle
1089535,Andrew,Andrew
1091214,Catherine,Catherine
1091980,David,David
1092282,Simon,Simon
1094874,Dan,Dan
1095443,James,James
1097953,Melissa,Melissa
1097997,Anna,Anna
1098708,Mark,Mark
1100059,John,John
1100399,Natasha,Natasha
1103616,Joe,Joe
1104884,Chris,Chris
1106463,Sarah,Sarah
1106464,Sarah,Sarah
1106939,Elvira,Elvira
1107135,James,James
1107393,Martin,Martin
1107770,James,James
1108326,Emmanuel,Emmanuel
1108565,James,James
1109140,James,James
1109756,Naomi,Naomi
1111246,James,James
1112763,Louise,Louise
1113889,Joseph,Joseph
1119060,Anna,Anna
1119770,Luke,Luke
1119776,Luke,Luke
1120682,Rachel,Rachel
1121813,Ana,Ana
1127051,Charlotte,Charlotte
1127340,Maria,Maria
1127804,Ben,Ben
1128414,Riccardo,Riccardo
1128440,David,David
1128457,David,David
1128983,Jasper,Jasper
1129040,Sarah,Sarah
1129067,Sarah,Sarah
1129458,Matthew,Matthew
1130302,Sarah,Sarah
1130528,David,David
1130950,Liam,Liam
1131123,Sarah,Sarah
1132140,Denise,Denise
1132241,Patricia,Patricia
1132382,Daniel,Daniel
1133004,Helen,Helen
1133007,Helen,Helen
1133291,Paul,Paul
1133773,Stephanie,Stephanie
1134050,Charlie,Charlie
1134762,Daniel,Daniel
1135667,Nick,Nick
1135934,Emma,Emma
1136440,Jo,Jo
1137063,Tess,Tess
1138362,James,James
1140757,Samuel,Samuel
1141471,James,James
1141682,John,John
1142212,Peter,Peter
1143608,Anna,Anna
1144662,Melanie,Melanie
1145556,Jo,Jo
1147512,Joanna,Joanna
1148777,Louise,Louise
1149842,Jacob,Jacob
1150719,Neil,Neil
1151265,Jessica,Jessica
1151834,Emma,Emma
1151930,Sarah,Sarah
1152340,Jessica,Jessica
1154015,Richard,Richard
1154431,Andrew,Andrew
1157563,Laura,Laura
1158781,Rebecca,Rebecca
1160237,Maria,Maria
1161691,Aaron,Aaron
1161856,Lisa,Lisa
1162474,Jack,Jack
1163777,Esther,Esther
1168688,David,David
1168921,Sarah,Sarah
1169171,Andrew,Andrew
1169823,Alex,Alex
1170147,Christopher,Christopher
1171049,Anna,Anna
1171572,Adrian,Adrian
1172333,Anne,Anne
1172490,Daniel,Daniel
1172835,Tom,Tom
1173105,Elizabeth,Elizabeth
1175101,Matt,Matt
1177162,Chris,Chris
1180283,Sarah,Sarah
1182798,Paul,Paul
1183605,Peter,Peter
1183940,Daniel,Daniel
1184185,Joseph,Joseph
1184793,Tina,Tina
1184953,Jack,Jack
1185328,Kevin,Kevin
1185845,Yael,Yael
1188182,David,David
1188186,Daniel,Daniel
1188367,Lucy,Lucy
1190201,Stephen,Stephen
1191631,Rachel,Rachel
1191904,Ali,Ali
1194776,Peter,Peter
1195752,Peter,Peter
1197416,Gina,Gina
1197417,Gina,Gina
1199428,Gillian,Gillian
1201935,Louise,Louise
1202379,Sonia,Sonia
1203503,Jane,Jane
1203765,David,David
1203798,David,David
1204028,Claire,Claire
1204387,Bunmi,Bunmi
1204388,Bunmi,Bunmi
1204770,Michael,Michael
1204852,Victoria,Victoria
1205619,John,John
1205717,Karen,Karen
1205905,Anna,Anna
1207073,Gina,Gina
1207326,Mark,Mark
1207336,Mark,Mark
1207363,Mark,Mark
1208121,Gina,Gina
1208131,Gina,Gina
1210212,Linda,Linda
1211509,Stephen,Stephen
1212460,Robert,Robert
1212810,David,David
1212991,Jason,Jason
1214861,Peter,Peter
1215569,Andrew,Andrew
1216166,Mark,Mark
